0,1,2,3,4,5
0.0,0.0,0.0,0.0,0.0,0.0
-5.20984079800274,-4.559967667562491,-4.8004397521353,-4.602641158729171,1.6226146700000021,-10.629000000000001
-4.383021540708,-4.438312125911191,-4.375819276587,-4.6199951219452675,7.714700000000002,-10.629000000000001
-5.902630309027489,-5.700502839144305,-5.8147176366786155,-5.851380185978276,2.9140163000000023,-10.629000000000001
-7.277118839120785,-7.5322896123473235,-5.105751741256665,-7.292511161888328,-9.9,-10.629000000000001
0.0,0.0,0.0,0.0,0.0,0.0
-4.996845490135691,-7.547048895496778,-7.638056927890257,-7.578404025149686,-9.9,-10.629000000000001
-3.137119358527472,-6.810250360838419,-7.050354704910612,-6.835420324150782,-9.9,-10.629000000000001
1.622473285799482,-6.003555109840465,-5.904642704282979,-6.114866718074211,-12.09427308,-10.629000000000001
-2.3744029531768613,-6.871215444731007,-6.9265727578016225,-6.8443031409079325,-9.9,-15.050618053781104
0.0,0.0,0.0,0.0,0.0,0.0
-6.6263491399343115,-6.889825256724079,-3.140445244935768,-6.945877126819069,-9.9,-13.13215151724
-3.8370487944043727,-7.783699534466899,-7.588903584123586,-7.625927806180482,-9.9,-10.629000000000001
-6.6423758420153565,-6.730873709194483,-2.3744117478798947,-6.553828234583771,-9.9,-10.629000000000001
-3.823745082905372,-7.495006730504235,-7.607908180066264,-7.6830133031202505,-9.9,-12.0656088
0.0,0.0,0.0,0.0,0.0,0.0
12.780000000000001,16.9998201,-0.9,-0.99,6.209999999999999,20.0
-3.92071196898,-3.9224134476900003,2.9140163000000023,-3.9788454470400003,-7.711546796999998,-3.870749280600001
9.683000000000002,-3.74879167299,-3.7906081569000007,-3.9011923305900007,-9.9,-3.8207164068
-4.954135862766718,-5.350753285590714,4.348907000000002,2.1080296433108616,-6.467385329999998,-0.9784515944783108
0.0,0.0,0.0,0.0,0.0,0.0
-5.019631244283538,-5.03162350162751,-5.4715231131913,0.4603477618719581,-9.9,-10.629000000000001
-5.267797449386872,-4.616122672529551,-4.771681582837968,5.943229999705675,-9.9,-10.629000000000001
-6.082585280795175,-5.89569528282351,-5.903565842955498,1.6226135843104614,-9.9,-10.629000000000001
-4.441484082271282,-7.217362848722389,-7.314918450113883,-7.387000711260396,-14.445909190645892,-10.629000000000001
0.0,0.0,0.0,0.0,0.0,0.0
-4.446833396246303,-7.529114760554098,-7.623744132903598,-7.665794575440277,-10.7919,-10.629000000000001
-2.374429486012676,-7.124039568981258,-6.9179113692516045,-6.960449379460516,-9.9,-10.629000000000001
0.453915306191865,-5.855523336043586,-5.934182894889475,-6.162318346986305,-9.9,-14.011146095661001
-3.1404848949646835,-6.884200401817175,-6.902494730141136,-6.886863191953994,-9.9,-10.629000000000001
0.0,0.0,0.0,0.0,0.0,0.0
-2.3744025150188786,-6.847129884738584,-6.915049937136358,-6.6696889904622365,-9.9,-10.629000000000001
-3.1369813632039145,-7.541116985789615,-7.652287685529143,-7.6733918240948,-9.9,-10.629000000000001
-1.5271139055699992,-6.195260850722586,-6.507753020059893,-6.609664480563665,-9.9,-10.629000000000001
-3.136962318905079,-7.543046868842653,-7.6876105210566195,-7.518118337905069,-9.9,-10.629000000000001
0.0,0.0,0.0,0.0,0.0,0.0
-1.719,-0.99,-0.99,13.589999999999998,-9.9,-10.629000000000001
4.348907000000002,-3.92778690669,2.220476004243002,-3.760473888000001,-9.9,-6.540285329999998
-3.782801394,-3.88904485779,-3.92843113128,-3.31756596,-9.9,-10.629000000000001
5.9432300000000025,-4.60111156792569,3.430628556368375,-4.919352675719573,-9.9,-10.629000000000001
0.0,0.0,0.0,0.0,0.0,0.0
-3.823266037233309,-6.441429312444066,-6.500192763273855,-6.58523622993415,-9.9,-10.629000000000001
-0.585682117312603,-6.705023630251059,-6.569151121525643,-6.891512590759461,-9.9,-10.629000000000001
-3.136962334482592,-6.8610701791540905,-6.959526959818135,-6.853527020196966,-9.9,-10.629000000000001
-6.404446461327076,-5.921743294001698,-0.5890240255039236,-5.978147042523472,-9.9,-11.587311900000001
0.0,0.0,0.0,0.0,0.0,0.0
-2.3744026873767385,-6.238115694013841,-6.32222608057616,-6.264148968292945,-9.9,-10.629000000000001
-5.356738114465072,-5.270747850071031,2.913578616424098,-5.310529668661303,-9.9,-10.629000000000001
-0.5856834798441979,-6.632339058321394,-6.423597567976649,-6.30334807847143,-9.9,-10.629000000000001
-3.8555890046769594,-7.339880751190925,-7.2700332288136895,-7.177199286670708,-9.9,-10.629000000000001
0.0,0.0,0.0,0.0,0.0,0.0
-3.136962263516522,-7.714490025897887,-7.474167907611328,-7.657002624942147,-9.9,-11.45529
-2.374477201610692,-6.783086909367525,-6.739782982972664,-6.885698266970293,-9.9,-10.629000000000001
-0.5856821327891095,-6.308967307264636,-5.957736298916318,-5.924779764232963,-9.9,-9.0
-6.851937664284977,-7.099235942447353,-2.4210179011238644,-7.115941481484658,-9.9,-10.629000000000001
0.0,0.0,0.0,0.0,0.0,0.0
-4.3701382528199995,-4.324806583380001,-4.83506774961066,-4.392337967126999,-9.9,-10.629000000000001
4.62670029,-1.88199,-1.719,-2.4724800000000005,-9.9,-10.629000000000001
4.92714422652961,-4.58037933734007,-4.24317997368,-4.785677478439839,-9.0,-10.629000000000001
-3.1491378000000005,-3.15733599,-3.330538119,-3.378967299,-9.9,-10.629000000000001
0.0,0.0,0.0,0.0,0.0,0.0
-6.819828360444188,-7.067486586639284,-6.883301300431952,-4.440941148989804,-9.9,-10.629000000000001
-6.870202007832565,-7.043162187684401,-6.977452080412649,-1.5271768231681695,-9.9,-10.629000000000001
-7.140758081026992,-7.262074698166087,-7.379466266026878,-3.8242303105652886,-9.9,-10.629000000000001
-5.692129734499497,-6.050498993532783,0.4603532029646828,-5.834259088010555,-9.9,-10.629000000000001
0.0,0.0,0.0,0.0,0.0,0.0
-6.0352472344946,-6.1353537735806185,0.46035320300000193,-6.139135251503552,-10.530408343961623,-10.084093892556144
-5.33602744031936,-4.8209843573409605,4.348907000000002,-5.013954192919565,-9.9,-10.629000000000001
-3.137644936025603,-6.808012961909402,-6.808453792622268,-6.548854734944432,-9.9,-10.629000000000001
-7.210243122771425,-7.199569826515172,-5.4971614070879715,-7.122781906785528,-9.9,-14.636763049954286
0.0,0.0,0.0,0.0,0.0,0.0
-7.4843947315726,-7.595758797529512,-7.69005127642618,-3.824015452704885,-9.9,-10.629000000000001
-1.5276919072570991,-6.93479309482591,-6.812106047440214,-6.799328812175958,-9.9,-13.5824994273744
0.4597237897652105,-5.959320035234059,-6.100563538721235,-6.047023604508335,-9.9,-10.629000000000001
-1.52711391681395,-6.768413120565086,-6.858437534273516,-6.842179301977946,-9.9,-10.629000000000001
0.0,0.0,0.0,0.0,0.0,0.0
-4.85819976085659,-4.5545667648544805,-4.8129784405254,-4.551759271692901,-9.9,-10.629000000000001
10.5111,-0.99,17.0,-1.7919,5.148000000000001,5.14071
-4.84316121894849,-4.82797874884698,-4.94237652884145,-0.9697069095967112,-9.9,-10.629000000000001
9.683000000000002,-3.15733599,-3.7245130470000003,-3.1631589900000003,-1.3714469999999976,-10.629000000000001
0.0,0.0,0.0,0.0,0.0,0.0
-4.996883088797972,-6.786584294345733,-6.737483995414647,-6.780037739132283,-9.9,-10.629000000000001
-2.3871322161944653,-6.8820333775599245,-7.109301610594656,-7.116671610704501,-9.9,-10.629000000000001
-4.44094017036914,-7.4661708285562245,-7.524068160929268,-7.334207018087575,-9.9,-10.629000000000001
-5.259145091761568,-5.544491713048855,-5.225610034485912,-1.05242576707409,1.6226146700000021,-10.629000000000001
0.0,0.0,0.0,0.0,0.0,0.0
-5.835479706661561,-0.18182482910173725,-5.900740012002085,-1.1513437483256963,1.6226146700000021,-10.629000000000001
-4.53837893829228,-4.53805631583939,-4.56651980208414,-4.484169989946,5.9432300000000025,-10.629000000000001
-2.3744691885520575,-6.799211555992957,-6.970346643894313,-6.747812792706538,-9.9,-10.629000000000001
-4.996845490100153,-7.324565439199268,-7.276218056272835,-7.167386785511868,-9.9,-10.629000000000001
0.0,0.0,0.0,0.0,0.0,0.0
-4.639967532600976,-7.769325627676859,-7.862825299460913,-7.709265873893175,-9.9,-10.629000000000001
-2.388677908381492,-7.173199241090773,-7.031620489576307,-6.929075977432895,-9.9,-10.629000000000001
-0.5856821987298395,-6.457402569075696,-6.313807144154535,-6.107448244753651,-9.9,-10.629000000000001
-2.3744038013974595,-6.925287190762409,-3.612629649947571,-6.985460342127549,-9.9,-10.629000000000001
0.0,0.0,0.0,0.0,0.0,0.0
2.9140163000000023,-5.034711827105855,-4.7731181949387915,-4.864852818644581,-9.9,-0.07326975543379088
14.118856199999998,-0.99,15.200999999999999,14.148000000000001,-9.9,20.0
2.9140163000000023,-0.8637063399937785,-5.328866878781543,-5.069810311874937,-9.9,-0.15877283921516572
-3.8051054577000003,-3.78107828109,-3.8848582836900003,7.714700000000002,-3.1252022999999975,-4.725759381927527
0.0,0.0,0.0,0.0,0.0,0.0
-5.057840131621795,0.46035320300000193,-5.369609877396626,-5.406263424615319,-9.9,-10.629000000000001
-5.063722435003436,5.9432300000000025,-5.3559261772376185,-4.5496096442757,-9.9,-10.629000000000001
-5.828656947504464,1.6226146700000021,-1.1480653777048158,-0.17830027121168524,-9.9,-10.8648
-4.440942102458163,-6.188542951769197,-7.107205095148572,-7.099482775787804,-9.9,-10.629000000000001
0.0,0.0,0.0,0.0,0.0,0.0
-4.440939433444476,-7.318268046984535,-7.326311693025826,-7.491572316990251,-9.9,-10.629000000000001
-2.3744025150135,-6.631757402841205,-6.7498122580485145,-6.69249597602663,-9.9,-10.629000000000001
2.9140163000000023,-5.882459162650488,-5.447705532593746,-5.387044671911917,-9.9,-10.629000000000001
-1.527113905570046,-6.318268443224097,-6.32405639566037,-6.4988458031039835,-9.9,-10.629000000000001
0.0,0.0,0.0,0.0,0.0,0.0
-0.5856824390964263,-6.501848263902828,-6.493303510059742,-6.530909305288263,-9.9,-10.629000000000001
-7.3800720929275645,-7.606560097531376,-3.137376368980765,-7.523189716224148,-9.9,-10.629000000000001
-6.304820014538898,-6.469302666956457,-1.527118685333188,-6.318386635736396,-12.997303007859001,-10.629000000000001
-3.1369623089318868,-7.321865976355122,-7.4135589899598795,-7.3321265586122335,-9.9,-10.629000000000001
0.0,0.0,0.0,0.0,0.0,0.0
-1.719,17.0,-1.7919,12.771,-9.9,-10.629000000000001
4.187291140136305,-3.3232998780000003,-3.397262283,-3.97843282575,-9.9,-10.629000000000001
11.870000000000001,-3.17423979,-3.264101829,-3.319400709,-9.9,-10.629000000000001
-4.5223401265875,-4.534618305694239,3.0115586883393135,-4.56493268581047,-9.9,-10.629000000000001
0.0,0.0,0.0,0.0,0.0,0.0
-5.666824868408572,-5.408968164842065,-5.308559680105153,-0.5856821172999982,-10.629000000000001,-10.374402515012997
-5.265526313581059,-5.083156290172829,-5.446349362813748,4.348905917912025,-9.9,-10.629000000000001
-6.0694185869746295,-6.144054544883766,-6.072520513169123,0.460353202993533,-9.9,-10.629000000000001
-3.82326603746501,-6.899113921460858,-6.916689208316754,-7.181724410736598,-9.9,-10.629000000000001
0.0,0.0,0.0,0.0,0.0,0.0
-3.8232660374899163,-7.466728173660261,-7.308842555803226,-7.345547294146166,-9.9,-12.702609218700001
-1.5271139055701368,-6.855147459955485,-6.93326858021762,-6.654239522473715,-13.538455163195401,-10.629000000000001
-5.9104681380675546,-5.930641203431966,-5.879086999457147,1.6226146621497741,-9.9,-10.629000000000001
-2.3744025154018846,-6.290489983435667,-6.486958783983631,-6.272875157647359,-9.9,-10.629000000000001
0.0,0.0,0.0,0.0,0.0,0.0
-1.5271139055699985,-6.669829693964727,-6.85769794925073,-6.806966743495119,-9.9,-10.629000000000001
-2.3744025150130046,-7.223809108318212,-3.5574673133168724,-7.170463639911285,-9.9,-10.629000000000001
-0.5856821172999982,-5.914353520610912,-6.203654504972674,-6.244295548472817,-9.9,-10.629000000000001
-2.3744025150344648,-7.4250244689942315,-7.187632390834903,-7.177337538201057,-9.9,-10.629000000000001
0.0,0.0,0.0,0.0,0.0,0.0
-2.523339,-1.7280000000000002,-2.4724800000000005,14.3,-9.9,-10.629000000000001
5.9432300000000025,-3.7173542670000006,-3.2228803800000003,0.9936836561040536,-9.9,-10.629000000000001
-3.1677444,-3.2573603700000002,-3.1632408900000004,9.427782656736001,-9.9,-10.629000000000001
7.714700000000002,-4.4173719372609,-4.52659660001748,-4.3127229017799005,-3.7410929999999976,-10.629000000000001
0.0,0.0,0.0,0.0,0.0,0.0
-3.1369622635116987,-6.483286643931275,-6.448244215182614,-6.507659211562576,-9.9,-10.629000000000001
0.46035320300000193,-6.429839598325408,-6.733187296328451,-6.542131782613705,-9.9,-10.629000000000001
-2.3744025150129984,-6.87703622959396,-6.72327134314105,-6.848206945315099,-9.9,-10.629000000000001
-3.136964074690977,-6.2810978936071455,-6.183016714091628,-6.20316563876936,-9.9,-10.629000000000001
0.0,0.0,0.0,0.0,0.0,0.0
-6.450354548615946,-6.350694949877132,-1.527113905570163,-6.509396871503218,-13.2189845796036,-10.629000000000001
-5.798153798602707,-5.598650482091812,1.6225232571031851,-5.454290336236065,-9.9,-10.629000000000001
0.46035320299934035,-6.489553299178422,-6.430216277070005,-6.478073978861933,-9.9,-10.629000000000001
-3.136962263512074,-6.91503967285093,-7.088416020423277,-7.186834690116913,-9.9,-10.7919
0.0,0.0,0.0,0.0,0.0,0.0
-2.3744025150129984,-7.281115652912108,-7.33305046051859,-7.376628612928723,-9.9,-10.629000000000001
-1.527113905570192,-6.653783874603017,-6.610281888198996,-6.856621199448641,-9.9,-10.629000000000001
0.4603532030000019,-5.808616198164858,-5.809897994763157,-5.957310450694713,-9.9,-10.629000000000001
-1.5276429855051208,-6.934195100770362,-6.918135770223913,-6.848638574280549,-9.9,-10.629000000000001
0.0,0.0,0.0,0.0,0.0,0.0
7.596685606610203,-4.4542627996230015,-4.23182780658,-3.9829502783699997,-9.9,-10.629000000000001
-2.5306290000000002,-1.7280000000000002,11.821653090000002,-2.4724800000000005,-9.9,-10.629000000000001
7.708905892266781,-3.7947402018000003,-4.3905244545279,-3.97618326297,-9.9,-10.629000000000001
-3.319902738,-3.1543137000000003,-2.596968,-3.25890027,-9.9,-10.629000000000001
0.0,0.0,0.0,0.0,0.0,0.0
-3.8232660371605296,-5.149208723979248,-6.644544792795926,-6.661299161098738,-9.9,-10.629000000000001
-6.639521357429484,-6.757836027602398,-6.860180938283857,-0.5856827762385007,-9.9,-10.629000000000001
-7.06048864144052,-7.0929414988522135,-7.113069334754966,-3.1369622635116987,-9.9,-10.629000000000001
-6.14147225658861,-5.97482226130542,-0.5856821172999982,-6.468256310769855,-9.9,-10.629000000000001
0.0,0.0,0.0,0.0,0.0,0.0
-6.115431048512826,-0.5856821172999982,-6.197400781947545,-5.93952886963442,-9.9,-10.629000000000001
-5.6470115949624455,2.914016116235044,-5.3771027281559824,-5.255947478626938,-9.9,-10.629000000000001
-6.283338894065594,-6.326717070476276,-2.3744025150519517,-6.2393895852667836,-9.9,-10.629000000000001
-3.8232660371605287,-7.02254491404296,-7.03020423408278,-7.072073692525154,-9.9,-10.629000000000001
0.0,0.0,0.0,0.0,0.0,0.0
-7.293323484382116,-7.372162072839417,-7.38570683214979,-3.1369622635117067,-9.9,-10.629000000000001
-0.5856821173594663,-6.837363805920849,-6.673043451399159,-6.85637090547042,-9.9,-10.629000000000001
1.6226146699929114,-5.669050983679998,-5.659510350667238,-5.86400122594759,-9.9,-10.629000000000001
-0.5856821173006013,-6.823299103981693,-7.099528812584599,-6.802365835766401,-9.9,-10.629000000000001
0.0,0.0,0.0,0.0,0.0,0.0
-4.367506339017001,-4.4098231349709005,-4.906406603489669,3.9583065524103676,-9.9,-10.629000000000001
8.542800000000002,14.3,11.24090999999987,-1.7919,1.5930000000000017,1.5201000000000011
-4.371583551849,-4.8407925401127,-5.272967091413152,4.866310654506009,-9.9,-10.629000000000001
11.870000000000001,-2.546109,-3.1484088000000003,-3.0016359,-9.9,-10.629000000000001
0.0,0.0,0.0,0.0,0.0,0.0
-4.440939433466591,-6.755905660219852,-6.850578846623027,-6.749996294087598,-9.9,-11.45529
-1.527128805000811,-6.8555526347995,-6.933827623485177,-6.915491936837767,-9.9,-10.629000000000001
-7.133453695629386,-7.412340934978961,-7.346726246467514,-3.823266037162151,-9.9,-13.159864320416318
-1.9402440115241952,0.46035320300000193,-5.875125240444811,-5.798582697208547,-9.9,-10.629000000000001
0.0,0.0,0.0,0.0,0.0,0.0
-6.44824833717447,0.46035320300000193,-5.923958893272332,-6.147311702732424,-9.9,-10.629000000000001
-5.648322402575357,4.348907000000002,-5.403233374104908,-5.475429407063523,-9.9,-10.629000000000001
-1.5271139055699985,-6.625572960850213,-6.684170261492255,-6.514961655691903,-10.629000000000001,-9.0
-7.0500069845244795,-7.170749729236075,-7.150642558723954,-4.440939433444476,-9.9,-10.629000000000001
0.0,0.0,0.0,0.0,0.0,0.0
-7.493948614489868,-7.685588658115465,-7.614113388806677,-3.823276351262601,-9.9,-10.629000000000001
-1.52711390805753,-7.046855639215392,-6.933959065630962,-6.830852744720907,-9.9,-10.629000000000001
0.4603532029968583,-5.822351899590621,-5.7801383486840185,-5.780118897982558,-9.9,-10.629000000000001
-1.527113905570451,-6.945084199758115,-7.034904875221337,-6.90304999885053,-9.9,-15.339571144602921
0.0,0.0,0.0,0.0,0.0,0.0
4.348907000000002,-4.4250289337709,-4.9162250790787585,-4.838865609623399,-9.9,-10.629000000000001
-1.719,16.998201,-0.99,-1.7919,-9.9,-10.629000000000001
4.348907000000002,-4.955859046728369,-4.8948008831074,-4.915655634260457,-9.9,-6.540285329999998
-3.1692843000000006,-3.20950629,-3.3730033500000003,8.164208072590926,-9.0,-9.0
0.0,0.0,0.0,0.0,0.0,0.0
-5.722084117601971,-0.5856821172999982,-5.933800693923271,-5.9280035279391186,-9.9,-10.629000000000001
0.9381828196057933,4.348907000000002,-5.410695966353493,2.0750900526009,-9.9,-10.629000000000001
-5.977715278961155,0.46035320300000193,-6.188943376200298,-5.898457076400786,-9.617113905569997,-10.629000000000001
-6.833069288812082,-6.871233193693499,-3.8232660371605287,-6.920936803323299,-9.9,-10.629000000000001
0.0,0.0,0.0,0.0,0.0,0.0
-7.399425114831811,-7.304057908255451,-3.8232660371605287,-7.1199847784478285,-9.9,-10.629000000000001
-6.966147253160775,-6.680433682379894,-1.5271139055699985,-2.828876169255917,-9.9,-10.629000000000001
4.348907000000002,0.9311486780726774,-5.211050208158485,-5.238988384912586,-9.9,-10.629000000000001
-0.5856821172999982,-6.3032157102238635,-6.150188468308249,-2.0109599054165193,-9.9,-14.753316549755406
0.0,0.0,0.0,0.0,0.0,0.0
0.46035320300000193,-6.579637118221863,-6.519094889436801,-6.362074834654756,-9.9,-9.690013905569998
-7.317550203269568,-7.332477753605648,-2.3744025150129997,-7.2892098356128345,-9.9,-10.629000000000001
-6.201891111134775,-6.4487583948501985,-0.5856821172999982,-6.538395796900636,-14.997226977213085,-10.629000000000001
-7.197086761501676,-7.1030320693809585,-2.3744025150129984,-7.208172478846621,-9.9,-10.629000000000001
0.0,0.0,0.0,0.0,0.0,0.0
8.406420120000002,14.3,8.454930300000001,-2.4797700000000003,2.742300000000001,1.5201000000000011
2.188971447297302,-3.7779438960000005,5.9432300000000025,-4.048263577557,-9.9,-10.629000000000001
14.3,-3.0959937,-3.06404559,-2.4724800000000005,2.855619150738391,-10.629000000000001
-4.4499736206189,-4.4760886854687,7.714700000000002,-4.4790761597238,-9.9,-10.629000000000001
0.0,0.0,0.0,0.0,0.0,0.0
-5.890145980079704,-1.5271139055699985,-6.077420579546,-5.818129348664259,-9.9,-11.299862263511699
-5.804020749739992,-5.537007115195073,-6.174236719715616,2.9140163000000023,-9.9,-10.629000000000001
-6.253949466457867,-1.1571091548734582,-6.270806518134748,-0.5856821172999982,-9.9,-10.629000000000001
-6.7834158428524844,-4.692819705131282,-3.1369622635116987,-6.738729306858307,-9.9,-10.629000000000001
0.0,0.0,0.0,0.0,0.0,0.0
-7.069680307521409,-7.14913665174922,-3.1369622635116987,-6.851380737398073,-9.9,-14.064506678075588
-6.787168682948227,-6.692478498819262,-0.5856821172999982,-6.839146589868565,-9.9,-10.629000000000001
-5.8653290534840155,-5.625251823181539,-5.723788893778674,2.9140163000000023,-9.9,-10.629000000000001
-6.456853530638145,-3.4510079173236785,-6.298274657417181,-1.5271139055699985,-11.308862263511699,-10.629000000000001
0.0,0.0,0.0,0.0,0.0,0.0
-4.140830205591842,-6.826075302963836,-2.809047879080339,-0.5856821172999982,-9.0,-10.537302515012998
-7.1940455558163885,-7.092422745060674,-1.5271139055699985,-7.123677777604475,-9.9,-10.7919
-5.790533929163875,-6.062395694528983,0.46035320300000193,-5.797828992821538,-9.9,-10.629000000000001
-7.130824940693214,-7.118748585162203,-1.5271139055699985,-6.967365522618393,-9.9,-10.629000000000001
0.0,0.0,0.0,0.0,0.0,0.0
-3.082798800000001,11.870000000000001,6.6356306100000015,-2.531529,-0.3752999999999975,-10.629000000000001
-3.3771229290000004,-3.1975579800000005,7.714700000000002,-3.0752649,-9.9,-3.1324922999999973
-3.275928729,4.556190870561599,-3.1976964900000002,11.870000000000001,-0.3752999999999975,-10.629000000000001
-3.3905315970000003,5.840260098730832,9.683000000000002,4.963954732352992,-9.9,-2.219669999999997
0.0,0.0,0.0,0.0,0.0,0.0
-6.12626620385982,-6.135661628007572,-6.514615998549473,-2.3744025150129984,-11.913266040979346,-10.629000000000001
-6.13917658212166,-6.080373144734099,-6.450087235224386,1.6226146700000021,-10.917528357279512,-10.629000000000001
-6.949757168943088,-6.483471630382113,-6.583815346306701,-1.5271139055699985,-9.9,-10.629000000000001
-6.174869037351113,-6.292117060508801,-2.3744025150129984,-6.681551708973138,-9.9,-10.629000000000001
0.0,0.0,0.0,0.0,0.0,0.0
-6.848134783806133,-6.629629453420865,-2.3744025150129984,-4.129350511456237,-9.9,-10.629000000000001
-6.2686313718625915,-5.8802779537266465,0.46035320300000193,-6.205237818616058,-9.588825296126998,-9.690013905569998
-6.121614506225663,-5.991988342514391,-6.185619489079801,1.6226146700000021,-9.9,-10.629000000000001
-6.569343818270351,-6.61203897924059,-6.605280052784661,-2.3744025150129984,-9.9,-10.629000000000001
0.0,0.0,0.0,0.0,0.0,0.0
-6.991566749462438,-7.376971037746878,-7.157697503571588,-1.5271139055699985,-9.9,-10.629000000000001
-6.866094163650639,-6.74939047008749,-0.5856821172999982,-6.8028379276711615,-9.0,-9.0
-1.0922509583003697,-5.740519090379517,1.6226146700000021,-5.8628548038957335,-9.9,-10.629000000000001
-2.829206930522531,-6.6413449254626,-0.5856821172999982,-6.978720578374144,-9.9,-10.629000000000001
0.0,0.0,0.0,0.0,0.0,0.0
-3.25823688,-3.8594788677000005,4.978329550200003,9.683000000000002,-9.9,-2.219669999999997
-3.2227984800000002,8.075104029,9.683000000000002,-3.0687039,-2.1467699999999974,-10.629000000000001
-4.330296186660001,-3.8043518877,4.959523985040003,9.683000000000002,-9.9,-2.219669999999997
4.579833267178201,-3.22213509,11.870000000000001,-3.0687039,-0.3752999999999975,-10.629000000000001
0.0,0.0,0.0,0.0,0.0,0.0
-6.735561650969276,-6.544307217707444,-4.628499311620751,-3.1369622635116987,-9.9,-10.629000000000001
-6.5420216442000045,-6.512562211709849,-6.535318952287384,0.46035320300000193,-9.9,-9.690013905672435
-6.882367670166192,-6.82364891930583,-6.809304234734837,-2.3744025150129984,-9.9,-10.629000000000001
-6.138344223926995,-1.5271139055699985,-6.139975562190062,-6.096681397987047,-9.9,-10.629000000000001
0.0,0.0,0.0,0.0,0.0,0.0
-6.457250866261847,-1.5271139055699985,-2.0979442022666737,-6.279289829067998,-9.9,-10.629000000000001
-1.1408027907871396,-5.54240931946109,1.6226146700000021,-5.518513466991934,-9.9,-10.629000000000001
-5.905945504150161,-6.1731080903769575,-6.217117751951662,0.46035320300000193,-9.9,-10.629000000000001
-7.056707154612848,-6.83647328679268,-7.107732077729718,-3.1369622635116987,-9.9,-10.629000000000001
0.0,0.0,0.0,0.0,0.0,0.0
-7.4299177327181205,-7.402650841228574,-7.2335325289367605,-2.3744025150129984,-9.9,-10.629000000000001
0.46035320300000193,-6.618705822283568,-6.601553167409511,-6.5638318379471965,-9.9,-10.629000000000001
2.9140163000000023,-0.1257531128646301,-5.418896600926463,-5.385554399068423,-9.9,-10.629000000000001
0.46035320300000193,-2.0962617056723003,-6.5696177953765185,-2.0575116722987374,-12.100177980000002,-10.629000000000001
0.0,0.0,0.0,0.0,0.0,0.0
3.529158341130002,-4.287149667729,-3.8529112338,7.714700000000002,-9.9,-10.629000000000001
-3.0755088000000006,11.870000000000001,2.9009772571311956,-2.590407,-9.9,-0.44819999999999816
-4.18672541178,-4.346815222809001,-4.381336387539,7.714700000000002,-3.1252022999999975,-10.629000000000001
14.3,8.468271000000001,5.2104929490000025,8.407239120000002,-9.9,1.4965200000000003
0.0,0.0,0.0,0.0,0.0,0.0
-6.851214700093383,-6.869957014226182,-6.940448424185022,-3.8232660371605287,-9.9,-10.629000000000001
-6.611004313553809,-6.76525706286053,-6.815275189339167,-0.5856821172999982,-9.9,-10.629000000000001
-7.117275467645687,-7.154900780689848,-4.1749904275535785,-3.1369622676453317,-9.9,-10.629000000000001
-6.330795805317241,-0.585682117300052,-5.977715643996993,-6.412303072334752,-9.9,-10.629000000000001
0.0,0.0,0.0,0.0,0.0,0.0
-6.46143714835573,-0.5856821173001139,-6.489082756069895,-6.533346902281208,-9.9,-10.629000000000001
-0.22502967210909475,2.9140163000000023,0.8756402861561652,-5.450481797480509,-9.9,-7.409901476699997
-6.1936511542355435,-6.527417110934977,-6.485860105705848,-0.5856821172999982,-9.9,-10.629000000000001
-7.1857140667070345,-7.228555221160473,-7.298842225098735,-3.823269351795965,-9.9,-10.629000000000001
0.0,0.0,0.0,0.0,0.0,0.0
-7.615517285344165,-7.465019462161328,-7.3814837073011335,-3.1369622635116987,-9.9,-10.629000000000001
-6.526642217456461,-6.565163557363575,-6.832874092788155,-0.5856821173000041,-9.9,-10.629000000000001
-5.408229750465845,-5.874266056852576,-5.397338243133567,1.6226146700000021,-9.9,-13.151564927208002
-6.619174454592806,-6.815874986421947,-6.509636417115418,-0.5856821172999982,-9.9,-10.629000000000001
0.0,0.0,0.0,0.0,0.0,0.0
-4.546304809785001,-4.3699886814429,-4.5603113405103,5.9432300000000025,-9.9,-5.248883699999998
5.833225091884247,-1.8747,-2.4724800000000005,-2.46429,-9.9,-10.629000000000001
-0.5184370141342614,-4.5500875172289,-4.900483573124761,5.9432300000000025,-5.175992035444557,-10.629000000000001
11.20967097693705,-3.0834549000000004,-3.2236822800000002,-2.589678,-9.9,-10.629000000000001
0.0,0.0,0.0,0.0,0.0,0.0
-6.095359404822622,-1.5271139055699985,-6.313933729308458,-5.986976987665715,-9.9,-10.629000000000001
-5.522658287215152,2.914016215702922,-5.531255104268365,-5.953026637138616,-9.9,-10.629000000000001
-6.214645379236587,-0.5856826755540453,-6.33469873842673,-6.3484809554669495,-14.758542943652365,-10.629000000000001
-6.778939828795118,-4.440939433444476,-7.053047914949816,-6.98301136874281,-9.9,-10.629000000000001
0.0,0.0,0.0,0.0,0.0,0.0
-7.505057902691815,-4.440939433444477,-7.460255144709708,-7.638310622087762,-9.9,-10.629000000000001
-7.2020945153695095,-2.374402980504668,-7.059021617806725,-7.259616810054213,-9.9,-14.587180220794863
5.9432300000000025,-5.017902398394934,-4.56972007253589,-4.6088523516148205,-9.9,-10.629000000000001
0.46035320300000193,-6.086346308479971,-1.0970952594166228,-5.859973107793713,-9.617113905569997,-12.758268806100002
0.0,0.0,0.0,0.0,0.0,0.0
1.6226146700000021,-6.169060071712358,-6.246238071687489,-0.17950124981847004,-9.9,-8.748582117299998
-7.522400652338524,-3.1369622682492713,-7.461697453443644,-7.60325424888129,-9.9,-15.288661057672941
-6.6899970048811985,-1.5271139117874135,-6.642982347477186,-6.589824898672501,-9.9,-10.629000000000001
-7.514067984578235,-3.1369622643598873,-7.365209323228915,-7.432044153396014,-9.9,-10.629000000000001
0.0,0.0,0.0,0.0,0.0,0.0
-3.6741166209,11.870000000000001,8.445542211000001,-3.27859785,-0.3753884333367097,-10.629000000000001
-4.333821189597001,4.348907000000002,-4.53067277121549,-4.57728893708814,-9.9,-10.629000000000001
17.0,-1.7919,-0.99,12.770998804521003,5.157000000000001,3.7071000000000005
-4.81912572405717,5.9432300000000025,-4.570932383935291,-4.795132774060621,-9.9,-10.629000000000001
0.0,0.0,0.0,0.0,0.0,0.0
-6.1045237632385145,-2.3744025150129984,-5.891099753154935,-6.1174963559378615,-9.9,-10.629000000000001
-5.901248515002424,1.6226146700000021,-6.232062512495403,-5.954546032324146,-9.9,-10.629000000000001
-6.656845187477213,-1.5271139055760445,-6.805347470627613,-6.5533490248618556,-9.9,-10.629000000000001
-6.9402234055001895,-6.798588697255504,-3.8232660371605287,-7.043163488257972,-9.9,-10.629000000000001
0.0,0.0,0.0,0.0,0.0,0.0
-6.957927040586593,-6.9421213190784705,-3.8232660371605287,-6.890290790160949,-9.9,-10.629000000000001
-6.920796661133718,-1.5271645898441806,-6.605375210020238,-6.860532805775261,-9.9,-10.629000000000001
-6.168090167358471,1.6226146699999948,-6.215215036108803,-5.958840566240775,-9.9,-10.629000000000001
-6.704009475572224,-2.3744025150129984,-6.551604351691774,-6.552855971777345,-9.9,-10.629000000000001
0.0,0.0,0.0,0.0,0.0,0.0
-7.188295001706069,-6.918835260285552,-3.1369622705485924,-6.879900370091909,-9.9,-10.629000000000001
-7.366203082039988,-7.184542458679538,-2.3744025627509107,-7.165195301662131,-9.9,-10.629000000000001
-6.5243274163386,-0.5856821172999983,-6.177292666181557,-6.109536034575821,-9.9,-10.629000000000001
-7.306447197997598,-2.3744025150130077,-7.241766202018526,-7.202375682662843,-9.9,-10.629000000000001
0.0,0.0,0.0,0.0,0.0,0.0
-2.6045019,5.204588049000002,-3.1505958000000005,-3.2228803800000003,-9.9,-10.629000000000001
-2.6709309,-3.1631589900000003,4.255553250000003,-3.25890027,-9.9,-10.629000000000001
-3.9043331046,8.376736931100002,-4.302539237538001,-3.8399458815000003,-9.9,-10.629000000000001
-3.2772710700000003,-3.7541922408000006,-3.331114758,-3.25890027,-9.9,-10.629000000000001
0.0,0.0,0.0,0.0,0.0,0.0
-5.987701205695631,-6.21156292044237,-5.877469998167078,-3.136962263511727,-9.9,-10.629000000000001
-6.257173909174247,-6.151531954584625,-6.516329199039503,0.4603465193313316,-9.9,-10.629000000000001
-6.854369052486786,-2.374402519394489,-6.844430420717976,-6.80438233135965,-9.9,-10.629000000000001
-6.51121965210413,-3.1369622635116987,-6.507170330936364,-6.622931299081573,-9.9,-10.629000000000001
0.0,0.0,0.0,0.0,0.0,0.0
-6.798322442363685,-3.1369622635116987,-6.757142753385036,-6.915814743136423,-9.9,-10.629000000000001
-6.557544972610852,-0.5856821172999982,-6.49352842144523,-6.35548614854941,-9.9,-10.629000000000001
-6.512255648209395,-6.228018617921982,-6.46758903173036,-0.20358157563034585,-9.9,-10.629000000000001
-4.8317747168648335,-6.61380884470722,-6.865739827174044,-3.1369622635125447,-9.9,-13.2477824049678
0.0,0.0,0.0,0.0,0.0,0.0
-6.996706858091719,-2.3744025150129984,-7.154968207909614,-7.081580080291066,-9.9,-10.629000000000001
-7.132421120912619,-1.5271139055699985,-6.910931775191659,-6.971955452957964,-9.9,-10.629000000000001
-5.899259168147751,0.4603532029664487,-5.897510218129259,-5.900556795977685,-9.9,-10.629000000000001
-7.184891319675636,-1.5271139055699992,-7.219854390487554,-7.074010115185724,-9.9,-12.077418600000001
0.0,0.0,0.0,0.0,0.0,0.0
-2.6709309,-3.1506858000000006,-3.22951428,-3.21468219,-9.9,-10.629000000000001
-2.6045019,7.612682400000002,-3.2228803800000003,-3.20433039,-9.9,-10.629000000000001
-4.344337303299,-4.01296732137,-3.97171266318,-3.8383265538000004,-9.9,-10.629000000000001
-3.26399427,9.429281870022002,-3.2228803800000003,-3.1505958000000005,-9.9,-10.629000000000001
0.0,0.0,0.0,0.0,0.0,0.0
-6.577546819138514,-3.8232660371605287,-6.652384039702055,-6.598759538638995,-9.9,-10.629000000000001
-6.871463889700858,-0.5856821186566937,-6.524306345641065,-6.508615126055843,-9.9,-10.629000000000001
-7.184349268612414,-3.1369622635116987,-7.034279730785252,-7.197450534044583,-15.240580723021683,-10.629000000000001
-6.466266076012004,-2.374402515013009,-6.355805598844956,-6.535155109633134,-9.9,-10.629000000000001
0.0,0.0,0.0,0.0,0.0,0.0
-6.500546149253062,-2.374402515424044,-6.605844144217131,-6.516186901378482,-9.9,-10.629000000000001
-5.8211866717541145,0.46035320293723375,-5.92080182241097,-6.124176410619226,-9.9,-10.629000000000001
-6.2011213614794265,-0.5856821172999982,-2.4742437134057202,-6.310547682306885,-9.9,-10.629000000000001
-7.3675799764385435,-3.8232660371605287,-7.154830438689483,-7.299911102809789,-9.9,-14.378641425132214
0.0,0.0,0.0,0.0,0.0,0.0
-7.640617395791115,-3.137055413206948,-7.533250381344684,-7.617789890086187,-9.9,-10.629000000000001
1.6226146700000021,-6.438089929884162,-6.152934978699132,-6.259467796124376,-9.9,-10.629000000000001
4.348907000000002,-4.9348742055080415,-4.891044992149359,-4.57512812983215,-6.467385329999998,-6.540285906462117
1.6226146700000021,-6.614947989300933,-1.1534650636091692,-6.304694214690853,-9.9,-14.480144919109689
0.0,0.0,0.0,0.0,0.0,0.0
-4.455297659286549,5.9432300000000025,-4.864845791268991,-4.78933875696537,-9.9,-10.629000000000001
-2.5972119,9.683000000000002,-2.6826507,-3.22951428,-9.9,-10.629000000000001
2.127352373959895,5.9432300000000025,1.8316125637532021,3.4560115917816265,-9.9,-10.629000000000001
17.0,-2.3823900000000005,10.477968468693707,-0.99,-9.9,-10.629000000000001
0.0,0.0,0.0,0.0,0.0,0.0
-6.666636017962391,-6.78719010430745,-6.957918891843441,-4.44093971953716,-9.9,-10.629000000000001
-6.638853382838579,-1.5271144163120112,-6.85683230965537,-6.6091571769538096,-9.9,-10.629000000000001
-7.114582370870481,-7.122221824882189,-7.313414174845959,-3.823266037175264,-9.9,-14.978833164919154
-6.529653817550305,-1.528038125635971,-6.543664782064342,-6.4689996167574355,-9.9,-10.629000000000001
0.0,0.0,0.0,0.0,0.0,0.0
-6.788401806561944,-1.527119039853144,-6.745373916952774,-6.634369532823398,-9.9,-14.109024206599292
-5.8148448892035525,1.6226146700000021,-6.142047462004684,-1.1168444976023046,-9.9,-10.629000000000001
-6.665439507678181,-1.527117599956471,-6.534524031270454,-6.468245681174426,-9.9,-10.629000000000001
-7.4348903751085045,-7.195599738968825,-7.2727954308067355,-4.440939433450246,-9.9,-10.629000000000001
0.0,0.0,0.0,0.0,0.0,0.0
-7.640860881112861,-3.823266037160534,-7.685476999480523,-7.562442022179061,-9.9,-10.629000000000001
0.4603463510415674,-6.512205018055638,-6.366427929091571,-6.186278401103817,-9.9,-10.629000000000001
-4.951120085628364,-5.2331836785103985,-5.354398763719466,2.914016221494506,-9.9,-10.629000000000001
-6.326275704336865,-6.307520112753468,-6.5397070720365225,0.460346481265668,-9.9,-10.629000000000001
0.0,0.0,0.0,0.0,0.0,0.0
-4.9927652855048885,-4.740602439182401,-4.95863092560826,2.312712651799684,-9.9,-10.629000000000001
-2.6045019,-2.488608,-3.2228803800000003,7.712689900733598,-9.9,-10.629000000000001
-5.178439442327688,-4.8488976820665,-4.90034980432935,4.315617651050441,-9.9,-10.629000000000001
-1.7280000000000002,-2.589678,-2.4724800000000005,14.29680968749305,-9.9,-10.629000000000001
0.0,0.0,0.0,0.0,0.0,0.0
-6.298244752995922,-2.3744025275359224,-6.351273275424193,-6.3818816170382,-9.9,-10.629000000000001
-6.194490405733745,1.621164614936649,-6.252067400524119,-6.011692624209144,-9.9,-10.629000000000001
-6.353946572945272,-1.6209572320966,-6.54808022046557,-6.614610665726402,-9.9,-10.629000000000001
-7.005101781564269,-4.996845490583157,-6.9116748141248285,-6.989527387541825,-9.9,-10.629000000000001
0.0,0.0,0.0,0.0,0.0,0.0
-7.763315160645279,-4.996845494683471,-7.588856556930826,-7.620485559904286,-9.9,-10.629000000000001
-7.504352620134552,-3.1448737155744313,-7.300463681651559,-7.385887813288324,-9.9,-10.629000000000001
-4.44906742974399,-4.348630837062901,-4.49306347357089,-4.62265275348171,7.714700000000002,-10.629000000000001
-5.534560128796737,-5.519239048487796,-5.1178512316426,-0.09818719592425396,1.6226146700000021,-10.629000000000001
0.0,0.0,0.0,0.0,0.0,0.0
-5.826699938153915,-6.051179804191081,-5.569298861812031,-5.9677524891343605,2.9140163000000023,-10.8648
-7.824312380197136,-3.8234388347748745,-7.85742439827824,-7.688875635875181,-9.9,-10.629000000000001
-6.830516730559911,-2.506568255166405,-6.928584444666844,-6.882567491282544,-9.9,-10.629000000000001
-7.707148421733096,-3.8233795106571424,-7.667698658445909,-7.627247524788624,-12.755400683904,-10.629000000000001
0.0,0.0,0.0,0.0,0.0,0.0
-3.40979136399,9.683000000000002,-3.41415508509,-3.8993269726800004,-9.9,-3.9889867681890006
0.9641198184597224,2.9140163000000023,-4.55929918851151,0.9607631586969658,-9.9,-5.427957399929381
-0.99,-0.9,-0.99,-0.99,6.209999999999999,20.0
-5.09479035559481,4.348907000000002,-5.1285840129760905,-5.289081726707668,-6.467385329999998,-5.060055386170625
0.0,0.0,0.0,0.0,0.0,0.0
-6.290702108984287,-3.1369622722050723,-6.244497058201308,-6.569349908729388,-9.9,-10.629000000000001
-6.477176822635512,0.46035320225229664,-6.356834707190806,-6.158006647954271,-9.9,-13.993787688436921
-7.171533361157632,-2.374402967301666,-6.948220904454853,-6.885904699245149,-9.9,-10.629000000000001
-7.200540232959881,-4.4409406200951915,-6.920339224135769,-6.907246209031377,-9.9,-10.629000000000001
0.0,0.0,0.0,0.0,0.0,0.0
-7.2508180120504555,-4.440939433447349,-7.084998219211985,-7.122823533974611,-9.9,-10.629000000000001
-6.866671945909374,-6.852635657641438,-2.374459462804343,-6.995749148871717,-9.9,-10.629000000000001
-6.258854731058766,0.4603531986157762,-6.17860950622356,-6.499831654914673,-9.9,-10.629000000000001
-7.117066633308461,-3.1372528869117873,-6.981826574052083,-7.019262632253057,-9.9,-10.629000000000001
0.0,0.0,0.0,0.0,0.0,0.0
-7.268616511967144,-3.8245713948566307,-7.179339573915626,-7.314687833354763,-9.9,-10.629000000000001
-7.19767165935954,-3.177422300209656,-7.301318012702949,-7.309384995558303,-9.9,-10.629000000000001
-6.491163971155723,-1.527113916242537,-6.589508244639888,-6.5704192466504745,-9.0,-10.629000000000001
-7.548637436117468,-3.1369622640010295,-7.41483041205108,-7.443353847888787,-9.9,-10.629000000000001
0.0,0.0,0.0,0.0,0.0,0.0
-3.1639698900000006,-2.6723889,-2.596968,-3.27734397,-9.9,-10.629000000000001
-3.1639698900000006,-3.1632246000000004,-2.6701119,-3.25890027,-9.9,-10.629000000000001
-4.49371482770799,-4.0265553605490005,-4.236443550270001,-3.98094772266,-9.9,-10.629000000000001
-3.1639698900000006,-3.7644083739000003,-3.331646199,-3.25890027,-9.9,-10.629000000000001
0.0,0.0,0.0,0.0,0.0,0.0
-6.240182643758429,-3.8232669440438176,-6.198446580766108,-6.397751243395479,-9.9,-10.629000000000001
-6.835460826975338,-6.4972520991641005,-6.807936994720331,-0.585765380964631,-9.9,-10.629000000000001
-7.161113932375237,-3.140717260090074,-7.100344161943855,-6.892546517254274,-14.105896991386896,-10.629000000000001
-7.135620900053081,-3.8540803751060793,-6.895474563517499,-7.130622275690584,-9.9,-10.629000000000001
0.0,0.0,0.0,0.0,0.0,0.0
-6.934182505626599,-3.823270126505036,-7.204139621508267,-6.934635412734089,-12.04644339,-10.629000000000001
-6.8176421455334495,-1.527113907941586,-6.88326842774351,-6.59352711028631,-9.9,-10.629000000000001
-6.346298831985952,-6.465589588734423,-6.672358144218083,-0.5856843114174325,-9.9,-10.629000000000001
-6.982106969794029,-3.8232743637694147,-7.040105386371335,-7.110731607653257,-13.885018909395615,-10.629000000000001
0.0,0.0,0.0,0.0,0.0,0.0
-7.322022465778087,-3.137001458003084,-7.120114413187244,-7.165172759881264,-9.9,-10.629000000000001
-7.206165246535714,-2.374453333686221,-7.222046473441449,-7.1268219909178745,-9.9,-10.629000000000001
-6.50654574617714,-0.5856822134752773,-6.5303708016569555,-6.508712663690857,-9.9,-10.629000000000001
-7.38954790016997,-2.374402661934138,-7.448514796550036,-7.489680985861906,-12.702918072571519,-10.629000000000001
0.0,0.0,0.0,0.0,0.0,0.0
-3.1639698900000006,-2.6051580000000003,-3.25890027,-2.6701119,-9.9,-10.629000000000001
-2.6126109,-2.546109,-2.4724800000000005,-3.2698747800000003,-9.9,-10.629000000000001
-3.89382782679,-4.321473615459,-3.9265204222800003,-4.414879441791901,-9.9,-10.629000000000001
-3.1639698900000006,-3.284044209,-3.27734397,-3.3224874390000005,-9.9,-10.629000000000001
0.0,0.0,0.0,0.0,0.0,0.0
-6.9913712866468645,-4.4409394334444805,-6.9737925653142945,-6.968417527836399,-9.9,-10.629000000000001
-7.058168356185634,-1.5271780908786148,-6.911643047812515,-6.986292809176007,-9.9,-10.629000000000001
-7.466899019916876,-4.160328751582311,-7.267850968795559,-7.22858139991176,-9.9,-15.062736146114371
-6.8564943774116065,-3.136962263513144,-6.593090284376541,-6.601987503519435,-9.9,-14.78408313414225
0.0,0.0,0.0,0.0,0.0,0.0
-6.670178074060242,-3.1369706757209137,-6.561348723856225,-6.82899519050345,-9.9,-13.124055572019001
-6.316486231474578,-6.221570339769353,-0.5862864057879629,-6.47169514528666,-9.9,-10.629000000000001
-6.807648124690655,-1.527113905569999,-6.7746562224414175,-6.566436106946155,-9.9,-10.629000000000001
-7.570088480864545,-4.469609305749102,-7.342134163798223,-7.459806496077695,-9.9,-10.629000000000001
0.0,0.0,0.0,0.0,0.0,0.0
-7.70956440501783,-4.205391746792448,-7.688562730305414,-7.739395474734438,-9.9,-10.629000000000001
-5.552959757880338,-5.4728501605242315,-5.815875693147803,-5.716686286033977,2.9140163000000023,-7.916092638727898
4.260919130980066,-4.243187468529,2.0993841833674844,3.461526732884429,5.9432300000000025,-10.629000000000001
0.8789402592476705,-6.056138907614054,-6.018263677919531,-5.88997076717277,2.9140163000000023,-10.629000000000001
0.0,0.0,0.0,0.0,0.0,0.0
-5.468501479289795,4.348907000000002,-5.378363067850198,-5.391305920363461,-12.148066719,-5.008643265236807
-3.74879167299,7.714700000000002,-3.801919710600001,-3.8614936878900004,-9.9,3.515565183689729
2.072233899600942,4.348907000000002,-5.371644952065528,-5.365853159755638,-9.9,-5.432194313968515
-0.99,-0.9,-0.9,15.209999999999999,6.209999999999999,20.0
0.0,0.0,0.0,0.0,0.0,0.0
-7.12553100691664,-6.906384322222387,-6.829639372770519,-4.996845492552912,-12.093544080000001,-10.629000000000001
-6.762733418290998,-2.3753352264030148,-3.520925131322457,-7.056908835954014,-9.9,-10.629000000000001
-7.528588615687493,-4.4412341816127405,-7.446780579030605,-7.378419739852828,-9.9,-10.629000000000001
-6.674548624552481,-6.689022403613528,-6.9767939534524555,-3.823294564262659,-9.9,-10.629000000000001
0.0,0.0,0.0,0.0,0.0,0.0
-6.646868902000655,-2.3870067424082824,-6.9740451892678355,-6.857588519220372,-9.9,-10.629000000000001
-5.928658038365263,0.46035320236507576,-6.276424587524528,-6.209268334813325,-14.51019999596815,-10.629000000000001
-6.867599092874801,-6.762222006807901,-6.961236079876262,-2.374555463673965,-9.9,-10.629000000000001
-7.52738954618059,-4.996845525772999,-7.703377365902991,-7.489052756587675,-9.9,-10.629000000000001
0.0,0.0,0.0,0.0,0.0,0.0
-7.837676866167612,-4.441590777186509,-7.870788908845502,-7.723780772541188,-9.9,-10.629000000000001
-5.967509908259804,-5.902718867202217,-5.9240974930593815,1.622614670000002,-9.9,-10.629000000000001
-4.579569140452561,-4.95888245790418,-4.609631117289708,4.348906998881149,-9.9,-10.629000000000001
-6.309920036986572,-6.143028223899903,-6.397924481717105,1.6226122482335472,-9.9,-10.629000000000001
0.0,0.0,0.0,0.0,0.0,0.0
-5.152738128121333,-5.054192084458909,-5.349674119527846,-5.272761207392001,-9.9,-10.629000000000001
-3.8455788888900004,3.4037318252122577,-3.27734397,-3.3182293499999997,-9.9,-10.629000000000001
-5.099906328132387,-5.29420580069052,-5.489460637265022,-5.3616568170924035,-9.9,-10.629000000000001
-0.99,-1.719,-0.99,13.589999999999998,-9.9,-10.629000000000001
